Intercept,tempo_emprego,sexo_M,tipo_renda_Empresário,posse_de_imovel_True,educacao_Superior_completo,idade,qt_pessoas_residencia
7.251344344015113,0.04339234173460994,0.5891666186796229,0.10680053338443266,0.07653808644754737,0.06451174621602998,0.0046860433674055305,0.022513356142803496
